{ "height":20,
 "layers":[
        {
         "data":[0, 0, 0, 0, 0, 0, 0, 0, 0, 0, 0, 0, 0, 0, 0, 0, 0, 0, 0, 0, 0, 0, 0, 0, 0, 0, 0, 0, 0, 0, 0, 0, 0, 0, 0, 0, 0, 0, 0, 0, 0, 0, 0, 0, 10, 11, 12, 13, 14, 0, 0, 0, 0, 0, 0, 0, 0, 0, 0, 0, 0, 0, 0, 0, 0, 0, 0, 0, 0, 0, 0, 0, 0, 0, 0, 0, 0, 0, 46, 47, 48, 0, 0, 0, 0, 0, 0, 0, 0, 0, 0, 0, 0, 0, 0, 0, 0, 0, 0, 0, 0, 0, 0, 0, 0, 0, 0, 0, 0, 0, 0, 0, 0, 83, 84, 0, 0, 0, 0, 0, 0, 0, 0, 0, 0, 95, 96, 0, 0, 0, 0, 0, 0, 0, 0, 0, 0, 0, 0, 0, 0, 0, 0, 0, 0, 0, 0, 0, 120, 121, 0, 0, 0, 0, 0, 0, 0, 0, 0, 0, 132, 133, 0, 0, 0, 0, 0, 0, 0, 0, 0, 0, 0, 0, 0, 0, 0, 0, 0, 0, 0, 0, 0, 157, 158, 0, 0, 0, 0, 0, 0, 0, 0, 0, 0, 169, 170, 0, 0, 173, 174, 0, 0, 0, 0, 0, 0, 0, 0, 0, 0, 0, 0, 0, 0, 0, 0, 0, 194, 195, 196, 197, 198, 198, 198, 201, 202, 203, 204, 0, 206, 207, 208, 209, 210, 211, 212, 213, 214, 0, 0, 0, 0, 0, 0, 0, 0, 0, 0, 0, 0, 0, 0, 0, 232, 233, 234, 237, 237, 237, 238, 239, 240, 241, 242, 243, 244, 245, 246, 247, 248, 249, 250, 251, 0, 0, 0, 0, 0, 0, 0, 0, 0, 0, 0, 274, 274, 274, 274, 274, 274, 274, 274, 274, 274, 275, 276, 277, 278, 279, 280, 281, 0, 0, 284, 285, 286, 287, 288, 0, 0, 0, 0, 0, 0, 0, 0, 0, 0, 0, 311, 311, 311, 311, 311, 311, 311, 311, 311, 311, 312, 313, 314, 315, 0, 317, 318, 0, 320, 321, 322, 323, 324, 325, 0, 0, 0, 0, 0, 0, 0, 0, 0, 0, 0, 0, 0, 0, 0, 0, 0, 0, 0, 0, 0, 0, 0, 0, 0, 353, 354, 355, 356, 357, 358, 359, 0, 0, 0, 0, 0, 0, 0, 0, 0, 0, 0, 0, 0, 0, 0, 0, 0, 0, 0, 0, 0, 383, 384, 385, 388, 388, 388, 389, 390, 391, 392, 393, 394, 395, 396, 397, 398, 399, 399, 399, 399, 399, 0, 0, 0, 0, 0, 0, 0, 0, 0, 0, 0, 0, 0, 419, 420, 421, 422, 425, 425, 425, 426, 427, 428, 429, 430, 431, 0, 433, 434, 435, 435, 435, 435, 435, 435, 0, 0, 0, 0, 0, 0, 0, 0, 0, 0, 0, 0, 0, 456, 457, 0, 0, 0, 0, 0, 0, 0, 465, 466, 467, 468, 469, 470, 470, 470, 470, 470, 470, 470, 470, 0, 0, 0, 0, 0, 0, 0, 491, 491, 491, 491, 491, 492, 493, 494, 0, 0, 0, 0, 0, 0, 0, 502, 503, 504, 505, 506, 507, 507, 507, 507, 507, 507, 507, 507, 0, 0, 0, 0, 0, 0, 0, 528, 528, 528, 528, 528, 529, 530, 531, 0, 0, 0, 0, 0, 0, 0, 0, 0, 0, 0, 0, 0, 0, 0, 0, 0, 0, 0, 0, 0, 0, 0, 0, 0, 0, 0, 0, 0, 0, 0, 0, 0, 0, 0, 0, 0, 0, 0, 0, 0, 0, 0, 0, 0, 0, 0, 0, 0, 0, 0, 0, 0, 0, 0, 0, 0, 0, 0, 0, 0, 0, 0, 0, 0, 0, 0, 0, 0, 0, 0, 0, 0, 0, 0, 0, 0, 0, 0, 0, 0, 0, 0, 0, 0, 0, 0, 0, 0, 0, 0, 0, 0, 0, 0, 0, 0, 0, 0, 0, 0, 0, 0, 0, 0, 0, 0, 0, 0, 0, 0, 0, 0, 0, 0, 0, 0, 0, 0, 0, 0, 0, 0, 0, 0, 0, 0, 0, 0, 0, 0, 0, 0, 0, 0, 0, 0, 0, 0, 0, 0, 0, 0, 0, 0, 0, 0, 0, 0, 0, 0, 0, 0, 0, 0, 0, 0, 0, 0, 0, 0, 0],
         "height":20,
         "name":"pipes-maps",
         "opacity":1,
         "type":"tilelayer",
         "visible":true,
         "width":35,
         "x":0,
         "y":0
        }, 
        {
         "draworder":"topdown",
         "height":0,
         "name":"water_1",
         "objects":[],
         "opacity":1,
         "properties":
            {
             "hidden":true
            },
         "propertytypes":
            {
             "hidden":"bool"
            },
         "type":"objectgroup",
         "visible":true,
         "width":0,
         "x":0,
         "y":0
        }, 
        {
         "draworder":"topdown",
         "height":0,
         "name":"water_2",
         "objects":[],
         "opacity":1,
         "properties":
            {
             "hidden":true
            },
         "propertytypes":
            {
             "hidden":"bool"
            },
         "type":"objectgroup",
         "visible":true,
         "width":0,
         "x":0,
         "y":0
        }, 
        {
         "draworder":"topdown",
         "height":20,
         "name":"water_3",
         "objects":[],
         "opacity":1,
         "properties":
            {
             "hidden":false
            },
         "propertytypes":
            {
             "hidden":"bool"
            },
         "type":"objectgroup",
         "visible":true,
         "width":35,
         "x":0,
         "y":0
        }],
 "nextobjectid":1,
 "orientation":"orthogonal",
 "renderorder":"right-down",
 "tileheight":40,
 "tilesets":[
        {
         "columns":37,
         "firstgid":1,
         "image":"C:\/Users\/thedv\/Desktop\/cc\/maps.png",
         "imageheight":600,
         "imagewidth":1480,
         "margin":0,
         "name":"maps",
         "spacing":0,
         "tilecount":555,
         "tileheight":40,
         "tilewidth":40,
         "transparentcolor":"#ff00ff"
        }],
 "tilewidth":40,
 "version":1,
 "width":35
}